<keymap version="1" name="VSCode copy" parent="VSCode">
  <action id="ActivateDatabaseToolWindow">
    <keyboard-shortcut first-keystroke="alt d" />
  </action>
  <action id="ActivateProjectToolWindow">
    <keyboard-shortcut first-keystroke="shift ctrl e" />
    <keyboard-shortcut first-keystroke="alt 1" />
  </action>
  <action id="ChooseRunConfiguration" />
  <action id="CloseContent">
    <keyboard-shortcut first-keystroke="ctrl f4" />
  </action>
  <action id="CloseProject">
    <keyboard-shortcut first-keystroke="ctrl k" second-keystroke="f" />
  </action>
  <action id="Compare.SameVersion" />
  <action id="EditorSelectWord">
    <keyboard-shortcut first-keystroke="ctrl w" />
  </action>
  <action id="EditorToggleShowLineNumbers">
    <keyboard-shortcut first-keystroke="alt b" />
  </action>
  <action id="FileChooser.NewFolder">
    <keyboard-shortcut first-keystroke="alt insert" />
    <keyboard-shortcut first-keystroke="ctrl alt d" />
  </action>
  <action id="FindNext">
    <keyboard-shortcut first-keystroke="ctrl d" />
  </action>
  <action id="GotoFile" />
  <action id="GotoLine" />
  <action id="GotoRow" />
  <action id="Macro.AddSemicolonToEnd">
    <keyboard-shortcut first-keystroke="ctrl semicolon" />
  </action>
  <action id="NewElement">
    <keyboard-shortcut first-keystroke="alt insert" />
    <keyboard-shortcut first-keystroke="ctrl n" />
  </action>
  <action id="NextProjectWindow" />
  <action id="PhpNewFile">
    <keyboard-shortcut first-keystroke="alt n" />
  </action>
  <action id="Rerun">
    <keyboard-shortcut first-keystroke="shift ctrl f5" />
  </action>
  <action id="RerunFailedTests" />
  <action id="SearchEverywhere">
    <keyboard-shortcut first-keystroke="ctrl p" />
  </action>
  <action id="SelectNextOccurrence">
    <keyboard-shortcut first-keystroke="ctrl g" />
  </action>
  <action id="SplitChooser.NextWindow" />
  <action id="SurroundWith">
    <keyboard-shortcut first-keystroke="ctrl alt t" />
    <keyboard-shortcut first-keystroke="ctrl s" />
  </action>
  <action id="TableResult.SelectNextOccurrence" />
  <action id="Terminal.DeletePreviousWord" />
  <action id="UsageFiltering.WriteAccess" />
  <action id="UsageView.Rerun">
    <keyboard-shortcut first-keystroke="shift ctrl f5" />
  </action>
</keymap>